{
  "features": [
    {
      "attributes": [
        1088421888,
        1,
        [
          [
            2215802820,
            0,
            "Cavern's Kitchen",
            "FOOD COURT, LEVEL 2, WATER WORLD, OCEAN PARK, TAI SHUE WAN, HONG KONG",
            null,
            "2027-02-15"
          ]
        ]
      ],
      "links": [
        [
          1088422096
        ]
      ],
      "coordinate": [
        1.9926110566250492,
        0.3880953936351323,
        20.0
      ],
      "halfSize": [
        130.12633840739727,
        102.17264185851673,
        7.0
      ]
    }
  ]
}